{
  "kind": "collectionType",
  "collectionName": "product_categories",
  "info": {
    "singularName": "product-category",
    "pluralName": "product-categories",
    "displayName": "ProductCategory",
    "description": ""
  },
  "options": {
    "draftAndPublish": true
  },
  "pluginOptions": {},
  "attributes": {
    "name": {
      "type": "string",
      "required": true
    },
    "description": {
      "type": "richtext",
      "required": true
    },
    "product": {
      "displayName": "Product",
      "type": "component",
      "repeatable": true,
      "component": "product.product"
    }
  }
}
